ID,Group,Isolate name,Ecological origins,Geographical origins,Ploidy,Zygosity
AAA,4,RM11-1a,Wine,"California, USA",1,homozygous
AAB,1,CBS422a,Beer,"Odessa, Ukraine",1,homozygous
AAC,2,CBS2165a,Beer,England,2,heterozygous
AAD,6,CBS436a,Sake,Japan,2,homozygous
AAE,4,CBS2806a,Wine,Slovakia,1,homozygous
AAG,1,CBS428a,Unknown,NA,1,homozygous
AAH,1,CBS1388a,Unknown,NA,1,homozygous
AAI,4,CBS2966a,Distillery,Denmark,1,homozygous
AAK,4,CBS4093a,Wine,Spain,1,homozygous
AAL,2,CBS1236-a,Bakery,France,2,heterozygous
AAM,2,CLIB192_1b,Bakery,France,1,homozygous
AAN,2,CLIB274_1,Bakery,Czech Republic,2,heterozygous
AAP,2,CLIB326_1,Bakery,Australia,2,heterozygous
AAQ,1,CLIB272_2,Beer,USA,1,homozygous
AAR,1,CLIB382_1b,Beer,Ireland,1,homozygous
AAS,1,YJM145_b,"Human, clinical",USA,1,homozygous
AAT,1,YJM280_b,"Human, clinical",USA,1,homozygous
AAV,1,YJM320b,"Human, clinical","California, USA",1,homozygous
ABA,1,YJM326_b,"Human, clinical","California, USA",1,homozygous
ABB,6,YJM413_b,"Human, clinical",USA,1,homozygous
ABC,2,YJM421_b,"Human, clinical",USA,1,homozygous
ABD,1,YJM428_1b,"Human, clinical","California, USA",2,homozygous
ABE,4,YJM434_1b,"Human, clinical",NA,1,homozygous
ABF,2,YJM436_1b,"Human, clinical",NA,1,homozygous
ABG,1,YJM440_1b,"Human, clinical",NA,1,homozygous
ABH,1,YJM454_1b,"Human, clinical",NA,1,homozygous
ABI,1,YJM653_1b,"Human, clinical",USA,1,homozygous
ABK,1,YJM678_1b,"Human, clinical",NA,1,homozygous
ABL,3,CBS2888_1b,Soil,South Africa,1,homozygous
ABM,4,CBS3093_1b,Industrial,Spain,1,homozygous
ABP,4,CECT10109_1b,Fruit,Spain,1,homozygous
ABQ,4,DBVPG1788_1b,Soil,Finland,1,homozygous
ABR,4,DBVPG1794_1b,Soil,Finland,1,homozygous
ABS,4,DBVPG3591_1b,Nature,NA,1,homozygous
ABT,4,DBVPG4651_1b,Nature,Italy,1,homozygous
ABV,2,DBVPG6861,Water,"Tijuca forest, Rio de Janeiro, Brazil",3,heterozygous
ACA,1,EM93_3,Fruit,"California, USA",1,homozygous
ACB,1,TL229S2.2,Dairy,France,1,homozygous
ACC,3,YPS1000_1b,Tree,USA,1,homozygous
ACD,3,YPS163_1b,Tree,USA,1,homozygous
ACF,4,CLIB294_1b,Distillery,France,1,homozygous
ACG,4,CLIB413_1b,Fermentation,China,1,homozygous
ACH,4,CLIB483_1b,Cider,"Brittany, France",1,homozygous
ACI,3,Y10_1b,Fruit,Philippines,1,homozygous
ACK,6,Y12_1b,Palm wine,Ivory Coast,1,homozygous
ACL,3,Y3_1b,Palm wine,NA,1,homozygous
ACM,6,Y9_4,Fermentation,Indonesia,1,homozygous
ACN,1,YJM269_1b,Wine,Austria,1,homozygous
ACP,4,CLIB154_1b,Wine,Russia,1,homozygous
ACQ,3,CLIB219_2b,Wine,Russia,1,homozygous
ACR,4,DBVPG1339_1b,Wine,Netherlands,1,homozygous
ACS,1,I14_1b,Wine,Italy,1,homozygous
ACT,4,UC8_1b,Wine,South Africa,1,homozygous
ACV,4,WE372_1b,Wine,South Africa,1,homozygous
ADA,5,Y55_1b,Wine,France,1,homozygous
ADB,4,Y9J_1b,Wine,Japan,1,homozygous
ADC,4,UC1_1b,Wine,France,1,homozygous
ADD,4,IL_01_b,Soil,"Illinois, USA",1,homozygous
ADE,7,PW5_b,Palm wine,"Aba, Abia State, Nigeria",1,homozygous
ADF,5,YPS1009_b,Tree,USA,1,homozygous
ADG,3,NC_02_b,Tree,"North Carolina, USA",1,homozygous
ADH,6,T7_b,Tree,"Babler State Park, MO, USA",1,homozygous
ADI,4,YJM981_b,"Human, clinical",Italy,1,homozygous
ADK,1,CLIB208_1,Bakery,"Shanaong, China",2,heterozygous
ADL,2,CLIB318_1,Bakery,Netherlands,2,heterozygous
ADM,2,CLIB324_2,Bakery,Vietnam,2,heterozygous
ADN,6,K1_1,Sake,Japan,1,homozygous
ADP,2,Y6_b,Unknown,French Guiana,2,heterozygous
ADQ,6,K12_2,Sake,Japan,1,homozygous
ADR,4,M22_1b,Wine,Italy,1,homozygous
ADS,4,T73_1b,Wine,"Alicante, Spain",2,homozygous
ADT,1,CBS7765,Nature,"Sweden, Goteborg",1,homozygous
ADV,5,CBS7903,Palm wine,Nigeria,1,homozygous
AEA,1,CBS7958,Industrial,"Sao Paulo, Brazil",1,homozygous
AEB,2,CBS1171,Beer,"Oranjeboom brewery, Rotterdam, Netherlands",4,heterozygous
AEC,2,CBS1248,Beer,NA,Xn,heterozygous
AEE,2,CBS2441,Distillery,NA,3,heterozygous
AEF,6,CBS6414,Sake,Japan,1,homozygous
AEG,1,CBS7962,Industrial,Brazil,1,homozygous
AEH,1,CBS7964,Industrial,Brazil,1,homozygous
AEI,2,CBS1428,Bakery,NA,1,homozygous
AEK,4,CBS4079,Wine,Spain,1,homozygous
AEL,2,CBS1394,Distillery,NA,2,heterozygous
AEM,2,CBS2973,Beer,NA,1,heterozygous
AEN,1,CBS4454,Beer,South Africa,2,heterozygous
AEP,6,CBS1508,Distillery,NA,2,homozygous
AEQ,1,CBS1782,Beer,Japan,1,homozygous
AER,1,CBS2970,Industrial,"San Jose sugar mill, Rio Piedras, Puerto Rico",1,heterozygous
AES,4,CBS4054,Wine,Spain,1,homozygous
AET,4,CBS6007,Wine,Spain,1,homozygous
AEV,2,CBS6216,Water,"Rotterdam, Netherlands",2,heterozygous
AFA,1,CBS6503,Beer,UK,2,homozygous
AFB,1,CBS7371,Beer,UK,1,homozygous
AFC,2,CBS7764,Nature,"Goteborg, Sweden",2,heterozygous
AFD,1,CBS7960,Industrial,"Sao Paulo, Brazil",1,homozygous
AFE,2,CBS8291,Water,Sweden,2,heterozygous
AFF,2,CBS1252,Bakery,France,1,homozygous
AFG,2,CBS1387,Bakery,NA,1,homozygous
AFH,6,CBS1509,Distillery,NA,1,homozygous
AFI,4,CBS2183,Wine,Chateau Chalon France,1,homozygous
AFK,3,CBS2992,Palm wine,Pakistan,2,homozygous
AFL,1,CBS4456,Beer,South Africa,1,homozygous
AFM,6,CBS6412,Sake,Japan,1,homozygous
AFN,6,CBS6413,Sake,Japan,1,homozygous
AFP,1,CBS6505,Beer,UK,2,heterozygous
AFQ,1,CBS7993,Water,"Rio de Janeiro, Tijuca National Forest, Cushvara River, Brazil",1,homozygous
AFR,1,CBS7959,Industrial,"Sao Paulo, Brazil",1,homozygous
AFS,2,CBS1173,Fruit,NA,2,heterozygous
AFT,2,CBS1464,"Human, clinical",Austria,4,homozygous
AFV,4,CBS2814,Wine,Slovakia,2,homozygous
AGA,4,CBS3012,Wine,"Cadiz, Spain",2,homozygous
AGB,2,CBS6308,Beer,"South Yorkshire, UK",2,heterozygous
AGC,1,CBS2444,Distillery,"Seagrams distillery, Louisville, Kentucky",1,heterozygous
AGE,2,CBS1385,Bakery,NA,2,heterozygous
AGF,4,CBS1479,Wine,NA,1,homozygous
AGG,6,CBS1480,Distillery,NA,2,heterozygous
AGH,4,CBS1582,Wine,Portugal,1,homozygous
AGI,4,CBS1590,Wine,Italy,2,homozygous
AGK,2,CBS2361,Nature,UK,1,homozygous
AGL,4,CBS4458,Wine,France,1,homozygous
AGM,1,CBS7961,Industrial,"Sao Paulo, Brazil",1,homozygous
AGN,4,CBS439,Wine,Germany,1,homozygous
AGP,1,CBS1544,Fruit,Netherlands,1,heterozygous
AGR,3,CBS1594,Nature,NA,1,homozygous
AGS,4,CBS3013,Wine,"Cadiz, Spain",1,homozygous
AGT,2,CBS3078,Unknown,NA,1,homozygous
AGV,4,CBS6223,Wine,Chile,1,homozygous
AHA,1,CBS6333,Fruit,Costa Rica,1,homozygous
AHB,4,CBS4734,Nature,NA,1,homozygous
AHC,1,CBS7963,Industrial,"Sao Paulo, Brazil",1,homozygous
AHD,4,CBS1192,Wine,NA,1,homozygous
AHE,4,CBS1194,Wine,NA,1,homozygous
AHF,1,CBS1540,Nature,Switzerland,1,homozygous
AHG,4,CBS1586,Fruit,NA,1,homozygous
AHH,3,CBS3000,Palm wine,Denmark,1,homozygous
AHI,4,CBS6914,Wine,Spain,1,homozygous
AHK,4,CBS2247,Wine,South Africa,1,homozygous
AHL,4,CBS3081,Industrial,Spain,1,homozygous
AHM,4,CBS3093,Industrial,Spain,1,homozygous
AHN,4,CBS5635,Wine,South Africa,1,homozygous
AHP,4,CBS5835,Wine,Spain,2,heterozygous
AHQ,6,CBS440,Industrial,Taiwan,1,homozygous
AHR,4,CBS1227,"Human, clinical",Romania,1,homozygous
AHS,5,CBS1419,Wine,Ghana,1,homozygous
AHT,4,CBS1460,Fermentation,Indonesia,1,homozygous
AHV,2,CBS1487,Beer,NA,1,heterozygous
AIA,4,CBS2180,Wine,Italy,1,homozygous
AIB,4,CBS2805,Wine,Slovakia,1,homozygous
AIC,4,CBS2807,Wine,Slovakia,1,homozygous
AID,4,CBS2909,Human,NA,2,heterozygous
AIE,4,CBS2910,Human,Portugal,1,homozygous
AIF,4,CBS457,Wine,Italy,2,heterozygous
AIG,1,CBS1463,Beer,NA,1,homozygous
AII,4,C6.1,Palm wine,Cameroon,2,heterozygous
AIK,4,C15.1,Nature,Cameroon,2,heterozygous
AIL,4,C10.4,Nature,Cameroon,2,heterozygous
AIM,4,E4,Wine,"Umbria, Italy",2,heterozygous
AIN,4,MC5,Wine,"Ascoli Piceno, Italy",2,heterozygous
AIP,4,MC6,Wine,"Umbria, Italy",2,heterozygous
AIQ,4,MC7,Fermentation,"Umbria, Italy",2,heterozygous
AIR,4,MC8,Wine,"Ascoli Piceno, Italy",2,homozygous
AIT,4,MC10,Wine,"Umbria, Italy",2,homozygous
AKB,5,NPA07.1,Palm wine,Nigeria,2,heterozygous
AKC,5,NPA05a1,Palm wine,Nigeria,3,heterozygous
AKD,5,NPA05b1,Palm wine,Nigeria,3,heterozygous
AKE,5,NPA03.1,Palm wine,Nigeria,2,homozygous
AKG,5,NPA06.1,Palm wine,Nigeria,2,homozygous
AKH,5,NPA02-1,Palm wine,Nigeria,2,homozygous
AKI,5,DBVPG6044,Wine,West Africa,2,homozygous
AKL,6,K12,Sake,Japan,2,heterozygous
AKM,3,UWOPS03-461.4,Tree,Malaysia,2,homozygous
AKN,3,YPS128,Soil,"Pennsylvania, USA",2,homozygous
AKP,4,CLQCA_02-003,Industrial,"Santo Domingo, Ecuador",2,homozygous
AKQ,1,CLQCA_04-021,Insect,"Los Rios, Ecuador",2,homozygous
AKR,6,CLQCA_05-006,Fruit,"Guayas, Ecuador",2,heterozygous
AKS,1,CLQCA_09-001,Flower,"Imbabura, Ecuador",2,homozygous
AKT,2,CLQCA_10-003,Insect,"Pichincha, Ecuador",2,heterozygous
AKV,4,CLQCA_10-027,Nature,"Pichincha, Ecuador",2,homozygous
ALA,6,CLQCA_10-619,Insect,"Pichincha, Ecuador",2,heterozygous
ALB,6,CLQCA_10-620,Insect,"Pichincha, Ecuador",2,heterozygous
ALC,6,CLQCA_11-024,Nature,"Cotopaxi, Ecuador",2,heterozygous
ALD,1,CLQCA_13-023,Nature,"Bolivar, Ecuador",2,heterozygous
ALE,4,CLQCA_17-060,Insect,"Loja, Ecuador",2,homozygous
ALG,1,CLQCA_18-003,Fruit,"Sucumbios, Ecuador",2,homozygous
ALH,6,CLQCA_19-011,Nature,"Napo, Ecuador ",2,heterozygous
ALI,7,CLQCA_20-060,Water,"Yasuni National Park, Orellana, Ecuador",2,heterozygous
ALK,6,CLQCA_24SC-235,Tree,"Galapagos, Ecuador",2,heterozygous
ALL,4,21-4-99,Water,"Bratislava, Slovakia",2,heterozygous
ALM,4,21-4-101,Water,"Bratislava, Slovakia",2,heterozygous
ALN,2,21-4-103,Water,"Bratislava, Deninska Nova Ves, Slovakia",2,heterozygous
ALP,2,21-4-105,Water,"Bratislava, Deninska Nova Ves, Slovakia",2,heterozygous
ALQ,4,21-4-111,Tree,"Male Zaluzie, Slovakia",2,homozygous
ALR,2,21-4-114,Tree,"Male levare, Slovakia",3,heterozygous
ALS,4,21-4-116,Flower,"Male levare, Slovakia",2,homozygous
ALT,4,21-4-122,Flower,"Male Zaluzie, Slovakia",2,homozygous
ALV,2,21-4-124,Fruit,"Male Zaluzie, Slovakia",3,heterozygous
AMA,4,21-4-125,Fruit,"Male Zaluzie, Slovakia",3,heterozygous
AMB,3,IY_03-5-30-1-1-1_(1),Insect,"Louisiana, USA",2,homozygous
AMC,3,IY_03-5-26-5-1-1_(1),Insect,"Louisiana, USA",2,homozygous
AMD,3,ES4M07,Fruit,"Dongpu, Sinyi Township, Nantou, Taiwan",2,homozygous
AMF,3,ES2M03,Fruit,"Dongpu, Sinyi Township, Nantou, Taiwan",2,homozygous
AMG,2,SJ7L01,Tree,"Tuchih, Nantou, Taiwan",3,heterozygous
AMH,3,EN14S01,Soil,"Sinyi, Nantou, Taiwan",2,homozygous
AMI,2,SJ1L04,Tree,"Yuchih, Nantou, Taiwan",3,heterozygous
AMK,2,SJ6L01,Tree,"Tuchih, Nantou, Taiwan",3,heterozygous
AML,2,SJ5L11,Tree,"Tuchih, Nantou, Taiwan",3,heterozygous
AMM,3,SJ5L12,Tree,"Beinan, Taitung, Taiwan",2,homozygous
AMN,2,SJ5L13,Tree,"Tuchih, Nantou, Taiwan",4,heterozygous
AMP,1,SJ5L14,Fruit,"Taian, Miaoli, Taiwan",2,heterozygous
AMQ,2,SJ5L15,Tree,"Tuchih, Nantou, Taiwan",3,heterozygous
AMR,4,SJ5L16,Soil,"Jhuosi, Hualein, Taiwan",2,homozygous
AMS,4,SJ5L17,Probiotic,Austria,2,heterozygous
AMT,4,SJ5L18,Probiotic,Austria,2,heterozygous
ANA,1,DBVPG6696,Wine,Burundi,2,heterozygous
ANC,3,YPS129,Tree,"Pennsylvania, USA",2,homozygous
AND,3,YPS133,Soil,"Pennsylvania, USA",2,homozygous
ANE,3,YPS134,Soil,"Pennsylvania, USA",2,homozygous
ANF,3,YPS139,Soil,"Pennsylvania, USA",2,homozygous
ANG,3,YPS141,Soil,"Pennsylvania, USA",2,homozygous
ANH,3,YPS142,Nature,"Pennsylvania, USA",2,homozygous
ANI,3,YPS143,Soil,"Pennsylvania, USA",2,homozygous
ANK,3,YPS154,Tree,"Pennsylvania, USA",2,homozygous
ANL,1,A-6,Beer,Ghana,4,heterozygous
ANM,1,A-18,Beer,Ghana,4,heterozygous
ANN,1,AY529516,Fermentation,Ghana,2,heterozygous
ANP,2,UWOPS83-883-2,Insect,Navassa Island,2,heterozygous
ANQ,4,L-1191,Wine,"Valle de Ica, Peru",2,homozygous
ANR,6,RIB0001,Sake,Japan,2,heterozygous
ANS,6,RIB0002,Sake,Japan,2,heterozygous
ANT,6,RIB0003,Sake,Japan,2,heterozygous
ANV,6,RIB0004,Sake,Japan,2,heterozygous
APA,6,RIB0005,Sake,Japan,2,heterozygous
APC,6,RIB1001,Sake,Japan,2,heterozygous
APD,6,RIB1002,Sake,Japan,2,heterozygous
APE,6,RIB1003,Sake,Japan,2,heterozygous
APF,6,RIB1004,Sake,Japan,2,heterozygous
APG,1,VF8_(6),Bioethanol,"Araras, Sao Paulo, Brazil",1,homozygous
APH,1,M1.1,Distillery,"Pirassununga, Sao Paulo, Brazil",2,heterozygous
API,2,YS20,Bakery,Korea,2,heterozygous
APK,2,YS10(E),Bakery,South Africa,3,heterozygous
APL,2,YS11(E),Bakery,Turkey,2,heterozygous
APM,2,YS15,Bakery,Korea,2,heterozygous
APN,2,YS19,Bakery,Philippines,3,heterozygous
APP,1,CBS382,Beer,"Brazil, Rio de Janeiro",3,heterozygous
APQ,5,CBS400,Palm wine,Ivory Coast,2,homozygous
APR,5,CBS403,Beer,West Africa,2,homozygous
APS,4,CBS423,Wine,Switzerland,2,heterozygous
APT,4,CBS459,Wine,Italy,2,homozygous
APV,4,CBS1250,Wine,Spain,2,homozygous
AQA,4,CBS4903,Industrial,Spain,2,heterozygous
AQB,4,CBS5112,Wine,Spain,2,homozygous
AQC,4,CBS5155,Wine,South Armenia,2,heterozygous
AQD,4,CBS5378,Industrial,Spain,2,heterozygous
AQE,4,CBS6006,Wine,Spain,2,heterozygous
AQG,1,CBS7539,Beer,"Plovdiv, Bulgaria",2,heterozygous
AQH,1,CBS7957,Industrial,"Sao Paulo, Brazil",3,heterozygous
AQI,2,CBS8292,Water,Sweden,2,heterozygous
AQM,1,CBS420,Dairy,Italy,2,heterozygous
AQN,6,CBS435,Sake,Japan,2,heterozygous
AQP,4,CBS462,Wine,Spain,2,heterozygous
AQQ,4,CBS1175,Wine,Switzerland,2,heterozygous
AQR,4,CBS1190,Wine,Germany,2,heterozygous
AQS,6,CBS1196,Distillery,Indonesia,2,heterozygous
AQT,2,CBS1230,Beer,Belgium,3,heterozygous
ARA,2,CBS1239,Distillery,NA,4,heterozygous
ARB,2,CBS1254,Bakery,NA,4,heterozygous
ARC,4,CBS1257,Wine,Germany,2,heterozygous
ARE,1,CBS1398,Tree,NA,2,heterozygous
ARG,3,CBS1576,Tree,"Celebes, Sulavesi, Indonesia",2,homozygous
ARH,3,CBS1592,Fermentation,"Java, Indonesia",2,heterozygous
ARI,3,CBS1593,Fermentation,"Java, Indonesia",2,heterozygous
ARK,4,CBS1602,Fruit,NA,2,heterozygous
ARL,4,CBS2087,Flower,China,2,heterozygous
ARM,6,CBS2188,Fruit,Japan,2,heterozygous
ARN,1,CBS2246,"Human, clinical",Netherlands,3,heterozygous
ARP,6,CBS2270,Wine,Japan,2,heterozygous
ARQ,4,CBS2271,Wine,Belgium,2,homozygous
ARR,1,CBS2272,Dairy,"Delft, Netherlands",2,heterozygous
ARS,1,CBS2421,Nature,NA,2,heterozygous
ART,4,CBS2808,Wine,Slovakia,2,heterozygous
ARV,4,CBS2965,Distillery,Denmark,2,homozygous
ASA,4,CBS4092,Wine,Spain,3,heterozygous
ASB,1,CBS4255,"Human, clinical",NA,2,heterozygous
ASC,1,CBS4455,Beer,South Africa,3,heterozygous
ASD,4,CBS4507,Beer,NA,2,heterozygous
ASE,4,CBS4667,Wine,Former Czechoslovakia,2,heterozygous
ASG,4,CBS1489,"Human, clinical",Italy,2,homozygous
ASH,2,CLIB227,Beer,Netherlands,4,heterozygous
ASL,2,CLIB340,Bakery,"Anatolia, Turkey",2,heterozygous
ASM,6,CLIB409,Nature,Vietnam,3,heterozygous
ASN,1,CLIB630,Dairy,"Normandy, France",2,heterozygous
ASP,2,B1,Unknown,France,2,heterozygous
ASR,4,M1,Wine,Italy,2,heterozygous
ASS,4,M5,Wine,Italy,2,homozygous
AST,4,M6,Wine,Italy,2,heterozygous
ASV,4,M9,Wine,Italy,2,heterozygous
ATA,4,PR,Wine,France,2,homozygous
ATB,2,Y1,Nature,NA,3,heterozygous
ATC,1,YJM308,"Human, clinical",NA,2,heterozygous
ATD,1,YJM339,"Human, clinical",NA,2,homozygous
ATE,5,YJM627,Unknown,France,2,homozygous
ATH,4,UC4,Wine,Germany,2,heterozygous
ATM,4,UC10,Wine,"California, USA",2,homozygous
ATN,4,Y4,Fruit,Indonesia,2,homozygous
ATP,5,Y5,Palm wine,West Africa,2,homozygous
ATQ,4,CECT10497,Industrial,Spain,2,homozygous
ATR,2,CECT10120,Fruit,Spain,2,heterozygous
ATS,2,CECT10131,Flower,Spain,2,heterozygous
ATV,2,CECT1462,Beer,UK,4,heterozygous
AVB,4,CECT10266,Industrial,Spain,1,homozygous
AVC,6,CECT10711,Sake,Japan,2,heterozygous
AVD,6,CECT10712,Sake,Japan,2,heterozygous
AVH,4,CECT1478,Wine,Hungary,2,homozygous
AVI,3,YPS163,Soil,Pennsylvanian,2,homozygous
AVK,4,L-1194,Wine,"Valle de Ica, Peru",2,homozygous
AVL,6,RIB6008,Sake,Japan,2,heterozygous
AVM,6,RIB6009,Sake,Japan,2,heterozygous
AVN,1,CH02,Beer,"Abengourou, Ivory Coast",4,heterozygous
AVP,1,CH06,Beer,"Abengourou, Ivory Coast",5,heterozygous
AVQ,1,CH10,Beer,"Abengourou, Ivory Coast",5,heterozygous
AVR,1,CH11,Beer,"Abengourou, Ivory Coast",5,heterozygous
AVS,1,CH14,Beer,"Abengourou, Ivory Coast",5,heterozygous
AVT,1,CH13,Beer,"Abengourou, Ivory Coast",5,heterozygous
AVV,5,DJ65,Palm wine,"Yoboki, Djibouti",3,heterozygous
BAA,5,DJ66,Palm wine,"Yoboki, Djibouti",3,heterozygous
BAB,5,DJ68,Palm wine,"Yoboki, Djibouti",3,heterozygous
BAC,5,DJ70,Palm wine,"Yoboki, Djibouti",3,heterozygous
BAD,5,DJ71,Palm wine,"Yoboki, Djibouti",3,heterozygous
BAE,5,DJ73,Palm wine,"Yoboki, Djibouti",3,heterozygous
BAF,5,DJ74,Palm wine,"Yoboki, Djibouti",2,heterozygous
BAG,3,SX1,Tree,"Qinling Mountain, Shaanxi province, China",2,homozygous
BAH,3,SX3,Tree,"Qinling Mountain, Shaanxi province, China",2,homozygous
BAI,3,BJ6,Fruit,"Changping, Beijing, China",2,homozygous
BAK,3,BJ20,Tree,"Dongling Mountain, Beijing, China",2,homozygous
BAL,3,HN6,Nature,"Bawangling Mountain, Hainan province, China",2,homozygous
BAM,3,HN10,Nature,"Wuzhi Mountain, Hainan province, China",2,homozygous
BAN,3,HN15,Nature,"Wuzhi Mountain, Hainan province, China",2,homozygous
BAP,3,HN16,Soil,"Wuzhi Mountain, Hainan province, China",2,homozygous
BAQ,3,HN19,Tree,"Wuzhi Mountain, Hainan province, China",2,homozygous
BAR,4,PB56,Tree,Montalcino in Italy,2,homozygous
BAS,4,PB67,Soil,Montalcino in Italy,2,homozygous
BAT,4,PB94,Soil,Montalcino in Italy,2,homozygous
BAV,4,PB137,Wine,Montalcino in Italy,2,homozygous
BBA,4,PB197,Soil,Montalcino in Italy,2,homozygous
BBB,4,PB200,Soil,Montalcino in Italy,2,homozygous
BBC,2,CCY_21-4-88,Fruit,"Laksarska Nova Ves, Slovakia",3,heterozygous
BBD,2,CCY_21-4-97,Water,"Jakubov, Slovakia",2,heterozygous
BBE,2,CCY_21-4-98,Water,"Jakubov, Slovakia",2,heterozygous
BBF,2,CCY_21-4-102,Water,"Bratislava, Slovakia",2,heterozygous
BBG,2,CCY_21-4-106,Water,"Devinska Nova Ves, Slovakia",4,heterozygous
BBH,4,CCY_21-4-119,Flower,"Male Levare, Slovakia",2,homozygous
BBI,4,CCY_21-4-120,Flower,"Male Levare, Slovakia",2,homozygous
BBK,4,CCY_21-4-121,Flower,"Male Zaluzie, Slovakia",2,homozygous
BBL,3,IMB-53,Insect,"Platanus orientalis forest, in Belasista Mountain, near Kamena Village in Bulgaria",2,homozygous
BBM,1,908,Distillery,"Jalisco, Mexico",2,homozygous
BBP,2,1663,Flower,Spain,2,heterozygous
BBQ,1,2162,Soil,Hungary,2,homozygous
BBR,3,2163,Tree,"Castellon, Spain",2,homozygous
BBS,1,2187,Soil,Hungary,2,homozygous
BBT,2,2281,Wine,"Valdevimbre, Spain",3,heterozygous
BBV,4,2282,Wine,"Tuejar, Spain",2,heterozygous
BCA,4,2644,"Human, clinical","Hospital Vall d'Hebron, Barcelona, Spain",2,heterozygous
BCB,7,HE001,Human,French Guiana,2,heterozygous
BCC,7,HE004,Human,French Guiana,2,heterozygous
BCD,7,HE005,Human,French Guiana,2,heterozygous
BCE,7,HE006,Human,French Guiana,2,heterozygous
BCF,7,HE007,Human,French Guiana,2,heterozygous
BCG,7,HE008,Human,French Guiana,2,heterozygous
BCH,7,HE009,Human,French Guiana,2,heterozygous
BCI,7,HE010,Human,French Guiana,2,heterozygous
BCK,7,HE011,Human,French Guiana,2,heterozygous
BCL,7,HE012,Human,French Guiana,2,heterozygous
BCM,7,HE013,Human,French Guiana,2,heterozygous
BCN,7,HE015,Human,French Guiana,1,homozygous
BCP,7,HE016,Human,French Guiana,2,heterozygous
BCQ,7,HE020,Human,French Guiana,2,heterozygous
BCR,2,#23,Nature,Israel,4,heterozygous
BCS,2,#03,Nature,Israel,2,heterozygous
BCT,2,#05,Nature,Israel,2,heterozygous
BCV,1,#33,Nature,Israel,2,heterozygous
BDA,1,#34,Nature,Israel,2,heterozygous
BDB,1,#35,Nature,Israel,2,heterozygous
BDC,2,#36,Nature,Israel,2,heterozygous
BDD,1,#13,Nature,Israel,2,heterozygous
BDE,1,#14,Nature,Israel,3,heterozygous
BDF,2,#57,Nature,Israel,2,heterozygous
BDG,2,#58,Nature,Israel,2,heterozygous
BDH,1,#59,Nature,Israel,2,heterozygous
BDI,1,#60,Nature,Israel,2,heterozygous
BDK,1,#63,Nature,Israel,2,homozygous
BDL,2,CLQCA_10-386,Beer,Equador,2,heterozygous
BDM,3,MAJ_A,Nature,"Majunga, Madagascar",2,heterozygous
BDN,1,MAJ_G,Nature,"Majunga, Madagascar",2,heterozygous
BDP,7,CEY615,Human,French Guiana,2,heterozygous
BDQ,7,CEY616,Human,French Guiana,2,heterozygous
BDR,7,CEY617,Human,French Guiana,2,heterozygous
BDS,7,CEY618,Human,French Guiana,2,heterozygous
BDT,7,CEY619,Human,French Guiana,2,heterozygous
BDV,7,CEY620,Human,French Guiana,2,heterozygous
BEA,7,CEY621,Human,French Guiana,2,heterozygous
BEB,7,CEY622,Human,French Guiana,2,heterozygous
BEC,7,CEY623,Human,French Guiana,2,heterozygous
BED,7,CEY624,Human,French Guiana,2,heterozygous
BEE,7,CEY625,Human,French Guiana,2,heterozygous
BEF,6,CLIB413,Fermentation,China,2,heterozygous
BEG,3,CLIB414,Industrial,Japan,2,homozygous
BEH,6,CLIB415,Fermentation,Taiwan,2,homozygous
BEI,1,CLIB650,Beer,Chad,3,heterozygous
BEK,1,CLIB651,Beer,Chad,4,heterozygous
BEM,1,CLIB653,Beer,Chad,4,heterozygous
BEN,1,CLIB654,Beer,Chad,3,heterozygous
BEP,4,EXF-3387,Unknown,"Ljubljana, Slovenia",2,heterozygous
BEQ,4,EXF-4126,Wine,"Ljubljana, Slovenia",2,heterozygous
BER,4,EXF-5042,Wine,Slovenia,2,heterozygous
BES,4,EXF-5046,Wine,Slovenia,2,heterozygous
BET,4,EXF-5247,Water,"Koper, Slovenia",2,homozygous
BEV,4,EXF-5248,Water,"Koper, Slovenia",2,homozygous
BFA,3,EXF-5284,Soil,Slovenia,2,homozygous
BFB,4,EXF-5287,Nature,Slovenia,2,heterozygous
BFC,4,EXF-5295,Fermentation,Slovenia,2,homozygous
BFD,4,EXF-5297,Fruit,Slovenia,2,homozygous
BFE,2,EXF-5734,Industrial,NA,4,heterozygous
BFG,2,EXF-5869,Nature,NA,4,heterozygous
BFH,1,EXF-5871,Dairy,Slovenia,2,heterozygous
BFK,4,EXF-6761,Tree,Slovenia,2,homozygous
BFL,3,EXF-6780,Tree,Slovenia,2,homozygous
BFM,2,EXF-6835,Industrial,Slovenia,4,heterozygous
BFN,1,EXF-7145,Tree,Serbia,2,heterozygous
BFP,1,EXF-7197,Tree,Montenegro,2,homozygous
BFQ,4,CLIB484,Cider,"Brittany, France",2,homozygous
BFR,4,CLIB485,Cider,"Brittany, France",2,homozygous
BFS,1,CLIB546,Dairy,"Normandy, France",2,heterozygous
BFT,1,CLIB547,Dairy,"Normandy, France",2,heterozygous
BFV,1,CLIB548,Dairy,"Normandy, France",2,heterozygous
BGA,1,CLIB549,Dairy,"Normandy, France",2,heterozygous
BGB,1,CLIB550,Dairy,"Normandy, France",2,heterozygous
BGC,1,CLIB551,Dairy,"Normandy, France",2,heterozygous
BGD,1,CLIB552,Dairy,"Normandy, France",2,heterozygous
BGE,1,CLIB553,Dairy,"Normandy, France",2,heterozygous
BGF,1,CLIB554,Dairy,France,2,heterozygous
BGG,1,CLIB555,Dairy,France,2,heterozygous
BGH,1,CLIB556,Dairy,"Poitou-Charentes, France",2,heterozygous
BGI,1,CLIB557,Dairy,"Normandy, France",2,heterozygous
BGK,1,CLIB558,Dairy,"Normandy, France",2,heterozygous
BGL,1,CLIB559,Dairy,"Normandy, France",2,heterozygous
BGM,1,CLIB560,Dairy,"Normandy, France",2,heterozygous
BGN,1,CLIB561,Dairy,"Normandy, France",2,heterozygous
BGP,1,CLIB562,Dairy,"Normandy, France",2,heterozygous
BGQ,1,CLIB563,Dairy,"Normandy, France",2,heterozygous
BGR,1,CLIB564,Dairy,"Normandy, France",2,heterozygous
BGS,1,CLIB631,Dairy,"Normandy, France",2,heterozygous
BGT,1,CLIB648,Dairy,"Alpes, France",2,heterozygous
BGV,1,CLIB649,Dairy,"Alpes, France",2,heterozygous
BHA,1,CLIB655,Beer,Chad,3,heterozygous
BHB,4,CLIB889,Bakery,Australia,2,heterozygous
BHC,4,CLIB1040,Cider,"Brittany, France",2,heterozygous
BHD,4,CLIB1059,Cider,"Brittany, France",2,heterozygous
BHE,4,CLIB1060,Cider,"Brittany, France",2,heterozygous
BHF,4,CLIB1062,Cider,"Brittany, France",2,homozygous
BHG,1,CLIB1070,Cider,"Lower Normandy, France",2,heterozygous
BHH,1,CLIB1071,Cider,"Lower Normandy, France",2,homozygous
BHI,1,CLIB1072,Cider,"Lower Normandy, France",2,heterozygous
BHK,1,CLIB1077,Cider,"Upper Normandy, France",2,heterozygous
BHL,1,CLIB1082,Cider,"Upper Normandy, France",2,heterozygous
BHM,4,CLIB1085,Cider,"Upper Normandy, France",2,heterozygous
BHN,4,CLIB1410,Fermentation,Laos,2,homozygous
BHP,6,CLIB1411,Fermentation,Laos,2,heterozygous
BHQ,6,CLIB1412,Fermentation,Laos,2,heterozygous
BHR,6,CLIB1413,Fermentation,Laos,2,heterozygous
BHS,6,CLIB1414,Fermentation,Laos,2,heterozygous
BHT,4,CLIB1083,Cider,"Upper Normandy, France",2,homozygous
BHV,4,DBVPG1014,Wine,"Umbria, Italy",2,homozygous
BIA,4,DBVPG1029,Wine,"Colli di Roma, Lazio, Italy",2,homozygous
BIB,4,DBVPG1041,Wine,"Tuscany, Italy",2,homozygous
BIC,4,DBVPG1056,Wine,"production zone of Chianti wine, Italy",2,homozygous
BID,4,DBVPG1058,Bakery,"Pazzaglia, Italy",2,homozygous
BIE,2,DBVPG1074,Wine,"San Severo, Puglia, Italy",2,heterozygous
BIF,4,DBVPG1076,Wine,"Locorotondo, Puglia, Italy",2,homozygous
BIG,4,DBVPG1080,Wine,"Barletta, Italy",2,homozygous
BIH,4,DBVPG1105,Wine,"Adelaide, Australia",2,heterozygous
BII,4,DBVPG1106,Wine,Australia,2,homozygous
BIK,4,DBVPG1107,Wine,"McLaren Valley, Australia",2,homozygous
BIL,4,DBVPG1108,Wine,Australia,2,homozygous
BIM,4,DBVPG1122,Wine,"Lucera, Puglia, Italy",2,homozygous
BIN,4,DBVPG1123,Wine,"Manduria, Taranto, Italy",2,homozygous
BIP,4,DBVPG1125,Wine,"Torre dei Passeri, Italy",2,homozygous
BIQ,4,DBVPG1126,Wine,"Aquila, Italy",1,homozygous
BIR,4,DBVPG1127,Wine,"Popoli, Italy",2,heterozygous
BIS,4,DBVPG1129,Wine,"Senigallia, Italy",2,homozygous
BIT,4,DBVPG1145,Wine,"Corvo, Sicily, Italy",2,homozygous
BKA,4,DBVPG1163,Fruit,"Aurum, Sicily, Italy",2,homozygous
BKC,4,DBVPG1339,Wine,Netherlands,2,heterozygous
BKD,4,DBVPG1374,Soil,Netherlands,2,heterozygous
BKE,4,DBVPG1380,Wine,"Rufina, Italy",2,homozygous
BKF,4,DBVPG1473,Wine,"Piemonte, Italy",2,heterozygous
BKG,4,DBVPG1490,Wine,"Etna, Sicily, Italy",2,heterozygous
BKH,4,DBVPG1523,Wine,"Trentino, Italy",2,homozygous
BKI,4,DBVPG1554,Wine,Dalmatia ,2,homozygous
BKK,4,DBVPG1555,Unknown,"Radgona, Slovenia",2,homozygous
BKL,4,DBVPG1564,Wine,"Dolianova, Sardinia, Italy",2,homozygous
BKM,4,DBVPG1577,Wine,"Elmas, Sardinia, Italy",2,heterozygous
BKN,4,DBVPG1580,Wine,"Sardinia, Italy",2,homozygous
BKP,4,DBVPG1581,Wine,"Marassinai, Sardinia, Italy",2,heterozygous
BKQ,4,DBVPG1584,Unknown,"Porec, Istria",2,heterozygous
BKR,4,DBVPG1594,Wine,"Los Cerros, La Mancha, Spain ",2,homozygous
BKS,4,DBVPG1595,Wine,"La Mancha, Spain",2,heterozygous
BKT,4,DBVPG1596,Wine,"Santa Cruz de los Canamos, La Mancha, Spain",2,homozygous
BLA,4,DBVPG1599,Wine,"Cerro del Moro, La Mancha, Spain",2,homozygous
BLB,4,DBVPG1601,Wine,"Casa del Rey, La Mancha, Spain",2,homozygous
BLC,4,DBVPG1606,Wine,"Villarta de San Juan, La Mancha, Spain",2,heterozygous
BLD,4,DBVPG1608,Wine,"La Mancha, Spain",2,homozygous
BLE,4,DBVPG1611,Wine,"Retamosa, La Mancha, Spain",2,homozygous
BLF,4,DBVPG1615,Wine,"La Mancha, Spain",2,heterozygous
BLG,4,DBVPG1625,Wine,"La Enconienda, La Mancha, Spain ",2,heterozygous
BLH,4,DBVPG1626,Wine,"La Mancha, Spain",2,homozygous
BLI,4,DBVPG1629,Wine,"La Mancha, Spain",2,heterozygous
BLK,4,DBVPG1631,Wine,"Valdepenas, La Mancha, Spain",2,homozygous
BLL,4,DBVPG1632,Wine,"Abertura, La Mancha, Spain",2,heterozygous
BLM,4,DBVPG1656,Wine,"Los Campillos, La Mancha, Spain",2,homozygous
BLN,4,DBVPG1659,Wine,"Campo de Santiago, La Mancha, Spain",2,heterozygous
BLP,4,DBVPG1661,Wine,"Los Polos, La Mancha, Spain",2,heterozygous
BLQ,4,DBVPG1669,Wine,"Cenicero, Rioja, Spain",2,homozygous
BLR,4,DBVPG1973,Wine,Greece,2,heterozygous
BLS,4,DBVPG1975,Wine,Greece,2,heterozygous
BLT,4,DBVPG1984,Wine,Slovenia,2,heterozygous
BLV,4,DBVPG3022,Wine,"Squinzano, Italy",2,homozygous
BMA,3,UWOPS03-429.1,Tree,Malaysia,2,homozygous
BMB,3,UWOPS03-433.3,Tree,Malaysia,2,homozygous
BMC,3,UWOPS03-459.1,Tree,Malaysia,2,homozygous
BMD,1,384103A,Human,"RVI Newcastle, UK",2,heterozygous
BME,1,368428S,Human,"RVI Newcastle, UK",3,heterozygous
BMF,1,269521J,Human,"RVI Newcastle, UK",2,heterozygous
BMG,2,NCYC_2925,"Human, clinical",Norway,3,heterozygous
BMH,4,YJM984,"Human, clinical",Italy,2,homozygous
BMI,4,YJM989,"Human, clinical",Italy,2,homozygous
BMK,4,YJM990,"Human, clinical",Italy,2,homozygous
BML,2,NCYC_2780,"Human, clinical",Belgium,4,heterozygous
BMM,2,2680,"Human, clinical","Vall d'Hebron hospital, Barcelona, Spain",4,heterozygous
BMN,4,2698,"Human, clinical","Vall d'Hebron hospital, Barcelona, Spain",2,heterozygous
BMQ,1,2720,"Human, clinical","La Fe Hospital,Valencia, Spain",2,heterozygous
BMR,7,CEY646,Nature,French Guiana,2,heterozygous
BMV,7,CEY649,Nature,French Guiana,2,heterozygous
BNA,7,CEY650,Nature,French Guiana,2,heterozygous
BNB,7,CEY651,Fruit,French Guiana,2,heterozygous
BNC,7,CEY652,Fruit,French Guiana,2,heterozygous
BND,7,CEY653,Fruit,French Guiana,2,heterozygous
BNE,4,DBVPG1057,Wine,"Colli Romani, Lazio, Italy",2,homozygous
BNF,4,DBVPG1078,Wine,"San Ferdinando, Italy",2,homozygous
BNG,4,DBVPG1085,Wine,"Corato, Italy",3,heterozygous
BNH,4,DBVPG1685,Wine,"Haro, Rioja, Spain",2,homozygous
BNI,4,DBVPG1699,Wine,"De Casa la Reina, Rioja, Spain",2,homozygous
BNK,4,DBVPG1701,Wine,"Cihuri, Rioja, Spain",2,homozygous
BNL,4,DBVPG1708,Soil,"Ultura, Sweden",2,heterozygous
BNM,4,DBVPG1711,Wine,"Ygai, Rioja, Spain",2,homozygous
BNN,4,DBVPG1712,Wine,"Pedrejon, Rioja, Spain",2,homozygous
BNP,4,DBVPG1714,Wine,"Fuen Mayor, Rioja, Spain",2,heterozygous
BNQ,4,DBVPG1719,Wine,"San Adrian, Rioja, Spain",2,homozygous
BNR,4,DBVPG1725,Wine,"La Puebla de la Barca, Rioja, Spain",2,homozygous
BNT,4,DBVPG1772,Soil,"Kuopio, Finland",2,homozygous
BNV,4,DBVPG1790,Soil,"Turku, Finland",2,homozygous
BPA,2,DBVPG1792,Soil,"Viik, Helsinki, Finland",2,heterozygous
BPB,4,DBVPG1795,Wine,"Illasi, Verona, Italy",2,homozygous
BPC,4,DBVPG1798,Wine,"Sicily, Italy",2,homozygous
BPF,4,DBVPG1832,Fruit,NA,2,heterozygous
BPG,4,DBVPG1841,Unknown,Ethiopia,2,homozygous
BPH,4,DBVPG1843,Unknown,Ethiopia,2,homozygous
BPI,1,DBVPG1848,Unknown,Ethiopia,2,heterozygous
BPK,4,DBVPG1861,Water,"Rajamaki River, Finland",2,heterozygous
BPL,4,DBVPG1878,Wine,"Piave, Italy",2,heterozygous
BPM,4,DBVPG1880,Wine,Italy,2,heterozygous
BPN,1,DBVPG1895,Wine,Italy,2,heterozygous
BPP,4,DBVPG1898,Wine,"Pantelleria, Italy",2,homozygous
BPQ,4,DBVPG1918,Wine,Malta,2,homozygous
BPR,4,DBVPG1919,Nature,Italy,3,heterozygous
BPT,4,DBVPG1960,Wine,"Recioto, Verona, Italy",2,heterozygous
BPV,4,DBVPG1976,Wine,Slovakia,2,homozygous
BQA,4,DBVPG1994,Wine,Greece,2,homozygous
BQB,4,DBVPG2049,Wine,"Reggio Emilia, Italy",2,heterozygous
BQC,4,DBVPG2088,Distillery,"Cognac, France",2,homozygous
BQE,4,DBVPG2166,Wine,"production zone of Sagrantino wine, Montefalco, Foligno, Italy",2,heterozygous
BQG,4,DBVPG3098,Wine,"Calabria, Italy",2,homozygous
BQH,4,DBVPG3100,Wine,"Toscana, Italy",2,heterozygous
BQI,4,DBVPG3924,Wine,"Piave, Italy",2,homozygous
BQM,4,DBVPG4162,Wine,"Reggio Emilia, Italy",2,heterozygous
BQN,4,DBVPG4186,Wine,Slovenia,2,homozygous
BQP,4,DBVPG4297,Wine,"Treviso, Italy ",2,homozygous
BQQ,4,DBVPG4317,Wine,"Bettona, Perugia, Italy ",2,homozygous
BQR,4,DBVPG4381,Water,Italy ,2,heterozygous
BQS,4,DBVPG4410,Wine,Italy ,2,heterozygous
BQT,4,DBVPG4460,Wine,"Jesi, Italy ",2,homozygous
BRA,4,DBVPG4651,Nature,Italy,2,homozygous
BRB,4,DBVPG4686,Wine,"Deruta, Perugia, Italy",2,heterozygous
BRC,4,DBVPG4695,Wine,"Torgiano, Perugia, Italy",2,homozygous
BRD,4,DBVPG4902,Unknown,"Perugia, Italy",2,heterozygous
BRE,4,DBVPG4905,Wine,"Marsciano, Perugia, Italy",2,homozygous
BRF,4,DBVPG5760,Wine,"Production zone of Sagrantino wine, Montefalco, Foligno, Italy",2,heterozygous
BRG,6,DBVPG5836,Soil,"District of Hamma Bouziane, Constantine, Algeria",3,heterozygous
BRH,4,DBVPG6223,Wine,Spain,2,homozygous
BRK,4,DBVPG6302,Industrial,Spain,2,homozygous
BRL,1,DBVPG6350,Unknown,USA,1,homozygous
BRM,1,DBVPG6590,Distillery,Brazil,1,homozygous
BRP,2,DBVPG6694,Beer,Belgium,4,heterozygous
BRQ,2,DBVPG6695,Beer,Belgium,4,heterozygous
BRV,1,DBVPG6874,"Human, clinical",USA ,2,heterozygous
BSA,4,DBVPG6876,Wine,"Frog's Leap Winery, California, USA",2,homozygous
BSB,4,DBVPG6877,Wine,"Sterling Winery, California, USA",2,homozygous
BSC,4,DBVPG6878,Wine,"Mondavi Winery, California, USA",2,homozygous
BSD,4,DBVPG6879,Wine,"Newton Winery, California, USA",2,homozygous
BSE,4,DBVPG6880,Wine,"Ridge Winery, California, USA",2,homozygous
BSG,4,DBVPG6295,Wine,South Africa,2,homozygous
BSI,2,DBVPG6693,Beer,Belgium,4,heterozygous
BSK,1,D3742,Unknown,France,2,heterozygous
BSL,4,M57,Wine,Italy,2,heterozygous
BSM,4,SGU89,Wine,Italy,2,heterozygous
BSN,4,SG60,Wine,Italy,2,heterozygous
BSP,4,L-1183,Wine,Uruguay,2,homozygous
BSR,4,L-958,Wine,"Mendoza area, Argentina",2,heterozygous
BSS,4,L-960,Wine,"Mendoza area, Argentina",2,heterozygous
BST,4,L-962,Wine,"Mendoza area, Argentina",2,homozygous
BTA,2,NCYC_2798,"Human, clinical",Germany,3,heterozygous
BTB,2,77,Bakery,NA,3,heterozygous
BTC,2,79,Bakery,NA,2,heterozygous
BTD,2,YS5(E),Bakery,NA,4,heterozygous
BTE,2,YS8(E),Bakery,NA,4,heterozygous
BTF,2,YS22(E),Bakery,NA,2,heterozygous
BTG,1,ZP_567,Tree,"Portugal, Castelo de Vide,",2,homozygous
BTH,4,ZP_577,Tree,"Portugal, Aldeia das Dez, S. Estrela,",2,homozygous
BTI,3,ZP_611,Tree,"Canada, Vancouver,",2,homozygous
BTL,4,L-304,Wine,Chile,2,homozygous
BTN,4,L-475,Wine,Chile,2,homozygous
BTP,4,L-1198,Wine,"Valle de Ica, Peru",2,heterozygous
BTR,4,L-1201,Wine,"Valle de Ica, Peru",2,heterozygous
BTS,6,RIB1005,Sake,Japan,2,heterozygous
BTT,1,M.9.1,Distillery,Brazil,2,heterozygous
BTV,1,M.14.1,Distillery,Brazil,2,heterozygous
BVA,1,RP.10.4,Bioethanol,Brazil,2,heterozygous
BVB,1,RP.10.13,Bioethanol,Brazil,2,heterozygous
BVC,1,RP.10.14,Bioethanol,Brazil,2,heterozygous
BVD,1,SM.9.1.AL1,Bioethanol,Brazil,2,homozygous
BVE,1,SM.9.1.BL7,Bioethanol,Brazil,1,homozygous
BVF,1,SM.9.2.BR3(L),Bioethanol,Brazil,2,heterozygous
BVG,1,SM.9.4.BL2,Bioethanol,Brazil,2,heterozygous
BVH,1,SM.9.4.BR1,Bioethanol,Brazil,2,heterozygous
BVK,4,4LBI-3,Wine,"Basilicata, Italy",2,homozygous
BVM,4,SA6-31,Wine,"Toscana, Italy",2,homozygous
BVT,4,B-24,Wine,Georgia,2,heterozygous
BVV,4,8-15,Wine,Georgia,2,heterozygous
CAA,4,5-18,Wine,Georgia,2,heterozygous
CAB,4,11-8,Wine,Georgia,2,heterozygous
CAC,4,A-12,Wine,Georgia,2,heterozygous
CAD,4,11-18,Wine,Georgia,2,heterozygous
CAE,4,B-4,Wine,Georgia,2,homozygous
CAF,4,C-3,Wine,Georgia,2,homozygous
CAH,4,D-1,Wine,Georgia,2,heterozygous
CAI,4,D-4,Wine,Georgia,2,heterozygous
CAK,4,A-16,Wine,Georgia,2,heterozygous
CAL,4,A-19,Wine,Georgia,2,heterozygous
CAM,4,9-7,Wine,Georgia,2,heterozygous
CAN,4,8-3,Wine,Georgia,2,heterozygous
CAP,4,11-2,Wine,Georgia,2,heterozygous
CAQ,4,5-2,Wine,Georgia,2,heterozygous
CAR,4,A-9,Wine,Georgia,2,homozygous
CAS,4,B-17,Wine,Georgia,2,homozygous
CAT,4,C-12,Wine,Georgia,2,homozygous
CAV,4,B-13,Wine,Georgia,2,homozygous
CBA,4,A-14,Wine,Georgia,2,heterozygous
CBB,4,1-9,Wine,Georgia,2,heterozygous
CBC,4,D-18,Wine,Georgia,2,homozygous
CBD,4,B-11,Wine,Georgia,2,homozygous
CBE,4,D-21,Wine,Georgia,2,heterozygous
CBF,2,SD-15,Bakery,"Matera, Italy",4,heterozygous
CBG,4,DBVPG1978,Wine,Slovakia,2,heterozygous
CBH,4,DBVPG3051,Wine,Israel,2,heterozygous
CBI,4,DBVPG4036,Wine,ex Yugoslavia,2,homozygous
CBK,1,1,Insect,Schleswig-Holstein,1,homozygous
CBL,1,2,Insect,Schleswig-Holstein,2,heterozygous
CBM,1,3,Insect,Forest of Nehmten in Schleswig-Holstein,2,heterozygous
CBN,1,NCYC_88,Beer,UK,2,homozygous
CBR,2,NCYC_1187,Beer,UK,4,heterozygous
CCC,3,CLQCA_20-156,Flower,"Yasuni, Orellana",2,homozygous
CCD,3,CLQCA_20-184,Flower,"Yasuni, Orellana",2,homozygous
CCE,3,CLQCA_20-221,Flower,"Yasuni, Orellana",2,homozygous
CCF,3,CLQCA_20-246,Insect,"Yasuni, Orellana",2,homozygous
CCG,3,CLQCA_20-259,Fruit,"Yasuni, Orellana",2,homozygous
CCH,3,CLQCA_20-314,Insect,"Yasuni, Orellana",2,homozygous
CCI,3,CLQCA_20-248,Insect,"Yasuni, Orellana",2,homozygous
CCL,1,N19-1C,Tree,"Gelendzhik region, Caucasus, Russia",2,homozygous
CCM,4,N493-2C,Tree,"Kiev district, Ukraine",2,homozygous
CCN,3,VKM_Y-504:S,Fruit,Russian Far East,2,homozygous
CCP,3,IFO_0877:6-1,Tree,Japan,2,homozygous
CCQ,3,Ksc2-2B,Tree,Japan,2,homozygous
CCR,3,Ksc40-8A,Tree,Japan,2,homozygous
CCS,3,Ksc73-2D,Tree,Japan,2,homozygous
CCT,3,S11F3-6B,Tree,Sri Lanka,2,homozygous
CCV,3,S8BM-30-2D,Tree,Sri Lanka,2,homozygous
CDA,3,S8BM-32-4D(a),Tree,Sri Lanka,1,homozygous
CDB,3,ATCC_66348-1D,Soil,Japan,2,homozygous
CDC,3,N37-1A,Tree,"Botanical Garden, Novosibirsk, Siberia, Russia",2,homozygous
CDD,3,N38-4A,Tree,"Botanical Garden, Novosibirsk, Siberia, Russia",2,homozygous
CDE,3,N39-7A,Tree,"Novosibirsk, Siberia, Russia",2,homozygous
CDF,3,N22.00-5D,Fruit,"Botanical garden, Blagoveshchensk, Russia",2,homozygous
CDG,3,N3.00-7A,Wine,"Botanical garden, Blagoveshchensk, Russia",2,homozygous
CDH,3,N159.01-2B,Tree,"Botanical garden, Blagoveshchensk, Russia",2,homozygous
CDI,3,N163.01-5A,Tree,"Botanical garden, Blagoveshchensk, Russia",2,homozygous
CDK,6,CCY_21-4-93:6B,Tree,North Korea,1,homozygous
CDL,3,N51-1A,Tree,"Vladivostok, Russian Far East",2,homozygous
CDM,1,UFRJ_50613-2D(a),Water,"Rio de Janeiro, Brazil",2,homozygous
CDN,3,UCD_61-190-6A,Insect,"California, USA",2,homozygous
CDP,3,N95-5-1A,Tree,"Augusta, MI 49012, USA",2,homozygous
CDQ,3,N95-6-1C,Tree,"Augusta, MI 49012, USA",2,homozygous
CDR,2,CECT10331:9-1,Flower,Spain,2,homozygous
CDS,4,CECT10351-1B,Fruit,Spain,2,homozygous
CDT,4,CECT10171-5B,Insect,Spain,2,homozygous
CDV,4,DBVPG1616-1D,Soil,Spain,2,homozygous
CEA,4,DBVPG1617-5A,Soil,Spain,1,homozygous
CEB,4,DBVPG1619-4B,Soil,Spain,1,homozygous
CEC,4,DBVPG1620-1A,Soil,Spain,2,homozygous
CED,4,DBVPG1621-5A,Soil,Spain,2,homozygous
CEE,4,DBVPG1622-8B,Soil,Spain,2,homozygous
CEF,4,DBVPG1623-2A,Soil,Spain,2,homozygous
CEG,3,EM14S01-3B,Soil,Taiwan,2,homozygous
CEH,3,ES2M03-7A,Fruit,Taiwan,2,homozygous
CEI,3,GE14S01-7B,Soil,Taiwan,2,homozygous
CEK,6,JCM_2985-4B,Fermentation,Tailand,2,homozygous
CEL,6,JCM_3529-7B,Fermentation,Tailand,2,homozygous
CEM,6,CCY_21-4-89:7-3,Fermentation,North Korea,1,homozygous
CEN,1,ATCC_38618:2-2,Fruit,NA,2,heterozygous
CEP,6,ATCC_52922-1C,Fermentation,Philippines,2,homozygous
CEQ,5,MUCL_30909-2C,Fermentation,Burundi,2,homozygous
CER,1,N34:2-4(a),Bakery,Ghana,2,homozygous
CES,1,N26-1-10:7-5(a),Bakery,Ghana,2,homozygous
CET,1,N134:7-1(a),Bakery,Ghana,2,homozygous
CEV,6,IFO_0289:4-3(b),Distillery,China,1,homozygous
CFA,5,Dji2-2A(a),Palm wine,Djibouti,2,homozygous
CFB,4,ho_SB,Wine,Bordeaux ,2,homozygous
CFC,2,4.5_WLP530,Beer,"Westmalle, Belgium",4,heterozygous
CFD,2,1.3_Safale_US05,Beer,USA,4,heterozygous
CFE,4,4.9_WLP099,Beer,United Kingdom,2,heterozygous
CFF,1,6.2_WLP570,Beer,Belgium,2,heterozygous
CFG,2,1.6_Safale_S40,Beer,UK,4,heterozygous
CFH,2,Nottingham_ale_1.8_Lallemand,Beer,UK,4,heterozygous
CFI,2,2.6_Windsor_British,Beer,UK,4,heterozygous
CFM,2,5.5_WLP090,Beer,"San Diego, USA",4,heterozygous
CFN,2,3.3_Safale_S-33,Beer,NA,4,heterozygous
CFP,2,3.4_Safbrew_T-58,Beer,NA,4,heterozygous
CFQ,4,UCD_40-235,Wine,"Walnut Creek, California",2,homozygous
CFR,4,UCD_40-248,Wine,"Tulare Winery, California",2,homozygous
CFS,4,UCD_40-255,Wine,"Walnut Creek, California",4,homozygous
CFT,1,UCD_40-346,Fruit,"Fresno area,  California",2,heterozygous
CFV,4,UCD_40-49,Fruit,NA,2,homozygous
CGB,1,UCD_05-780,Insect,"Winters, CA Wolfskill USDA Prunus germplasm collection, ",2,homozygous
CGC,2,UCD_06-645,Fruit,"Davis, CA, UCD",4,heterozygous
CGD,4,UCD_09-448,Fruit,"Davis, CA, UCD",2,homozygous
CGE,4,UCD_11-601,Fruit,"Davis, CA, UCD Food Science, Pilot plant. ",2,homozygous
CGG,6,TayTa,Unknown,"Long An, South Vietnam",2,heterozygous
CGH,6,VNL3,Unknown,"Ha Noi, North Vietnam",3,heterozygous
CGI,6,Me7,Unknown,"Cai Be, South Vietnam",2,heterozygous
CGK,6,Lx2,Unknown,"Dong Thap, South Vietnam",2,heterozygous
CGL,6,BMQ557,Unknown,"Hai Phong, North Vietnam",2,heterozygous
CGN,6,SGB1,Fermentation,"Saigon, South Vietnam",2,heterozygous
CGP,6,SG4,Unknown,"Saigon, South Vietnam",2,heterozygous
CGQ,6,RR1a,Unknown,"My Tho, South Vietnam",2,heterozygous
CGR,6,VL5,Fermentation,"Phan Thiet, South Vietnam",2,heterozygous
CGS,4,Ca6,Wine,Lebanon,2,homozygous
CGT,4,Lib39,Wine,Lebanon,2,homozygous
CGV,4,Lib51,Wine,Lebanon,2,heterozygous
CHA,4,Lib52,Wine,Lebanon,2,homozygous
CHB,4,Lib54,Wine,Lebanon,2,heterozygous
CHC,4,Lib61,Wine,Lebanon,2,heterozygous
CHD,4,Lib70,Wine,Lebanon,2,heterozygous
CHE,4,Lib71,Wine,Lebanon,2,heterozygous
CHF,4,Lib73,Wine,Lebanon,2,heterozygous
CHG,2,324-6C,Bakery,Vietnam,2,heterozygous
CHH,2,319-5C,Bakery,France,2,heterozygous
CHI,2,646-3B,Bakery,USA,2,heterozygous
CHK,2,Win-8B,Beer,UK,2,heterozygous
CHL,2,SBE-1C,Bakery,Northern Europe,2,heterozygous
CHM,6,SBD,Bakery,Northern Europe,2,heterozygous
CHN,2,B9b-1,Bakery,Gif-sur-Yvette,2,heterozygous
CHP,2,B9c-1,Bakery,Gif-sur-Yvette,2,heterozygous
CHQ,2,B10-1,Bakery,Forcalquier,2,heterozygous
CHR,2,SC 29 F. Dromer IP,"Human, clinical",France,2,heterozygous
CHS,1,SC 32 F. Dromer IP,"Human, clinical",France,2,heterozygous
CHT,1,SC 33 F. Dromer IP,"Human, clinical",France,2,heterozygous
CHV,4,SRC 120,Cider,France,2,homozygous
CIA,4,SRC 147,Industrial,"Bretagne, France",2,homozygous
CIB,4,SRC 213,Industrial,"Bretagne, France",2,homozygous
CIC,2,Ponton 11,"Human, clinical",Spain,2,heterozygous
CID,2,Ponton 12,"Human, clinical",Spain,2,heterozygous
CIE,2,Ponton 13,"Human, clinical",Spain,3,heterozygous
CIF,2,Ponton 14,"Human, clinical",Spain,2,heterozygous
CIG,2,PB11,"Human, clinical",Netherlands,2,heterozygous
CIH,2,PB12,"Human, clinical",Netherlands,2,heterozygous
CII,2,PB13,"Human, clinical",Netherlands,2,heterozygous
CIK,2,PB14,"Human, clinical",Netherlands,2,heterozygous
CIL,1,PB15,"Human, clinical",Netherlands,2,heterozygous
CIM,4,malade Hc6553,"Human, clinical","Paris, France, H6",2,heterozygous
CIN,4,malade Pac6436,"Human, clinical","Paris, France, H6",2,heterozygous
CIP,4,malade 6442,"Human, clinical","Paris, France, H6",2,heterozygous
CIQ,4,malade 6452,"Human, clinical","Paris, France, H6",2,heterozygous
CIR,4,malade 6441,"Human, clinical","Paris, France, H6",2,heterozygous
CIS,4,malade Elbaz 6766,"Human, clinical","Paris, France, H6",2,heterozygous
CIT,4,malade 459 Labaume,"Human, clinical","Paris, France, H1",2,heterozygous
CIV,4,malade 1124/150017,"Human, clinical","Paris, France, H2",2,heterozygous
CKA,1,malade 3285/11-2-4,"Human, clinical","Paris, France, H3",2,heterozygous
CKB,4,malade 98 1655/125391,"Human, clinical","Paris, France, H3",2,heterozygous
CKC,4,malade 139287/11_2_1,"Human, clinical","Paris, France, H2",2,heterozygous
CKD,4,malade 97 138633/11-2-5,"Human, clinical","Paris, France, H2",2,heterozygous
CKE,4,malade 141076/11210,"Human, clinical","Paris, France, H2",2,heterozygous
CKF,4,malade 150865/1122,"Human, clinical","Paris, France, H2",2,heterozygous
CKG,4,UL G84F88I90,Fruit,Vietnam,2,heterozygous
CKH,4,ultra lev. 1127,Industrial,"Paris, France",2,heterozygous
CKI,4,perentol,"Human, clinical","Brussels, Belgium",2,heterozygous
CKK,2,malade 98 3312,"Human, clinical","Amiens, France",4,heterozygous
CKL,4,malade 98 3161,"Human, clinical","Amiens, France",2,heterozygous
CKM,4,malade 98 2574,"Human, clinical","Amiens, France",2,heterozygous
CKN,1,malade 98 2601,"Human, clinical","Amiens, France",2,heterozygous
CKP,4,malade Broussais,"Human, clinical","Paris, France",2,heterozygous
CKQ,4,malade M2402A Necker ,"Human, clinical",France,2,heterozygous
CKR,6,malade Darkman,"Human, clinical",France,2,heterozygous
CKS,2,malade Berchid,"Human, clinical",France,4,heterozygous
CKT,4,malade Fauot,"Human, clinical",France,2,heterozygous
CKV,1,malade Boisse,"Human, clinical",France,2,heterozygous
CLA,2,malade Moreau,"Human, clinical",France,4,heterozygous
CLB,1,sample 40,Tree,"Bordeaux, France",2,homozygous
CLC,1,sample 50,Tree,"Bordeaux, France",2,homozygous
CLD,1,sample 33,Flower,"Bordeaux, France",2,homozygous
CLG,1,NCYC_2966,"Human, clinical","Nottingham, UK",2,heterozygous
CLH,4,NCYC_2743,Wine,Spain,2,homozygous
CLI,6,K5,Sake,Japan,2,heterozygous
CLK,6,K9,Sake,Japan,2,heterozygous
CLL,6,K10,Sake,Japan,2,heterozygous
CLM,6,K13,Sake,Japan,2,heterozygous
CLN,6,K14,Sake,Japan,2,homozygous
CLP,6,K15,Sake,Japan,2,heterozygous
CLQ,6,UC5,Sake,Japan,1,homozygous
CLR,6,RIB1008,Sake,Japan,2,heterozygous
CLS,6,RIB1010,Sake,Japan,2,heterozygous
CLT,6,RIB1011,Sake,Japan,2,heterozygous
CLV,6,RIB1012,Sake,Japan,2,heterozygous
CMB,6,RIB1014,Sake,Japan,2,heterozygous
CMC,6,RIB1015,Sake,Japan,2,heterozygous
CMD,6,RIB1016,Sake,Japan,2,heterozygous
CME,6,RIB1017,Sake,Japan,2,heterozygous
CMF,6,RIB6001,Sake,Japan,2,heterozygous
CMG,2,RIB6002,Sake,Japan,3,heterozygous
CMH,6,RIB6003,Sake,Japan,2,heterozygous
CMI,6,RIB6004,Sake,Japan,2,heterozygous
CMK,6,RIB6005,Sake,Japan,2,heterozygous
CML,6,RIB6006,Sake,Japan,2,homozygous
CMM,6,RIB6007,Sake,Japan,2,heterozygous
CMN,6,RIB0007,Sake,Japan,2,heterozygous
CMP,3,YPS615,Tree,"Pennsylvania, USA",2,homozygous
CMQ,3,YPS617,Tree,"Pennsylvania, USA",2,homozygous
CMS,3,YPS670,Tree,"Pennsylvania, USA",2,homozygous
CMT,1,SM.9.4.BR2,Bioethanol,Brazil,2,heterozygous
CNB,1,SM.8.2.C13,Bioethanol,Brazil,2,heterozygous
CNC,1,SM8.3.M5,Bioethanol,Brazil,2,heterozygous
CNE,1,SM.8.7.L8,Bioethanol,Brazil,2,heterozygous
CNF,1,SM.8.7.L9,Bioethanol,Brazil,2,heterozygous
CNG,1,SM.8.7.BR1,Bioethanol,Brazil,2,heterozygous
CNH,1,SM.8.8.BL1,Bioethanol,Brazil,2,heterozygous
CNI,1,SM.8.8.CVR1,Bioethanol,Brazil,2,heterozygous
CNK,1,SA.1.5.,Bioethanol,Brazil,2,heterozygous
CNL,1,SA.9.2.BL3,Bioethanol,Brazil,2,heterozygous
CNM,1,SA.9.3.VR1,Bioethanol,Brazil,2,heterozygous
CNN,1,SA.9.4.VL4,Bioethanol,Brazil,2,heterozygous
CNP,1,SA.9.4.BR2,Bioethanol,Brazil,2,heterozygous
CNQ,1,SA.10.1.VL1,Bioethanol,Brazil,2,heterozygous
CNR,1,SA.10.1.VR4,Bioethanol,Brazil,2,heterozygous
CNS,1,RP11.4.1,Bioethanol,Brazil,2,heterozygous
CNT,1,RP11.4.11,Bioethanol,Brazil,2,heterozygous
CNV,1,RP11.4.14,Bioethanol,Brazil,2,heterozygous
CPA,1,906,Nature,Mexico,2,heterozygous
CPB,1,995,Beer,Hungary,2,heterozygous
CPC,1,997,Fruit,Hungary,2,heterozygous
CPD,1,1175,Beer,NA,2,heterozygous
CPE,4,1216,Unknown,"El Sauzal, Tenerife, Spain",2,homozygous
CPF,4,1235,Unknown,"Guimar, Tenerife, Spain",2,heterozygous
CPG,4,1560,Nature,"Aceituna, Spain",2,homozygous
CPI,1,LCBG-3D6,Distillery,"Tamaulipas, Mexico",2,heterozygous
CPK,1,LCBG-Mosca3,Distillery,"Tamaulipas, Mexico",2,heterozygous
CPL,1,LCBG-4Y3,Distillery,"Tamaulipas, Mexico",2,heterozygous
CPM,1,LCBG-3D2,Distillery,"Tamaulipas, Mexico",2,heterozygous
CPN,1,LCBG-3Y3,Distillery,"Tamaulipas, Mexico",2,heterozygous
CPQ,1,LCBG-3D4,Distillery,"Tamaulipas, Mexico",2,heterozygous
CPR,1,LCBG-3Y8,Distillery,"Tamaulipas, Mexico",2,heterozygous
CPS,5,FTPW4,Palm wine,Burkina Faso,3,heterozygous
CPT,5,FTPW3,Palm wine,Burkina Faso,2,heterozygous
CQA,5,FTPW32,Palm wine,Burkina Faso,2,heterozygous
CQB,5,FTPW35,Palm wine,Burkina Faso,2,heterozygous
CQC,1,MTF2546,Fermentation,West Africa,2,heterozygous
CQD,1,MTF2547,Fermentation,West Africa,2,heterozygous
CQE,1,MTF2548,Fermentation,West Africa,2,heterozygous
CQF,1,MTF2549,Fermentation,West Africa,2,heterozygous
CQG,3,MTF2550,Fermentation,West Africa,2,heterozygous
CQH,1,MTF2551,Fermentation,West Africa,2,heterozygous
CQI,3,MTF2552,Fermentation,West Africa,2,heterozygous
CQK,1,MTF2553,Fermentation,West Africa,2,heterozygous
CQL,1,MTF2554,Fermentation,West Africa,2,heterozygous
CQM,1,MTF2555,Fermentation,West Africa,2,heterozygous
CQN,1,MTF2556,Fermentation,West Africa,2,heterozygous
CQP,1,MTF2557,Fermentation,West Africa,2,heterozygous
CQQ,6,RIB1006,Sake,Japan,2,heterozygous
CQR,6,RIB1007,Sake,Japan,2,heterozygous
CQS,1,CEY647,Nature,French Guiana,2,homozygous
CQT,4,L-982,Wine,Argentina,2,homozygous
CQV,4,CD7-9Sv2,Wine,Italy,2,homozygous
CRA,4,RB3-7Sc2,Wine,Italy,2,heterozygous
CRB,4,SC2-37,Wine,Italy,2,homozygous
CRC,4,Ba-215,Wine,Italy,2,homozygous
CRD,4,FIMA_3,Wine,Italy,2,homozygous
CRE,6,CLQCA_17-111,Insect,Ecuador,3,heterozygous
CRG,4,L-846,Wine,Chile,2,heterozygous
CRH,4,L-319,Wine,Chile,2,heterozygous
CRI,4,AGME_5I,Wine,Italy,2,homozygous
CRK,4,E1-6,Wine,Italy,2,homozygous
CRL,4,C-6,Wine,Georgia,2,homozygous
SACE_GAL,5,SK1,Lab strain,USA,2,homozygous
SACE_GAP,4,L1528,Wine,Chile,2,homozygous
SACE_GAS,3,UWOPS83-787_3,Nature,Bahamas,2,homozygous
SACE_GAT,3,UWOPS87-2421,Nature,Hawaii,2,homozygous
SACE_GAV,1,W303,Lab strain,NA,2,homozygous
SACE_MAA,1,273614N,"Human, clinical","Newcastle, UK",2,homozygous
SACE_MAB,1,378604X,"Human, clinical","Newcastle, UK",2,homozygous
SACE_MAL,3,UWOPS05_227_2,Insect,"Telok Senangin, Malaysia",2,homozygous
SACE_YAA,4,YJM189,Distillery,NA,2,homozygous
SACE_YAB,1,YJM193,Distillery,NA,2,homozygous
SACE_YAC,5,YJM195,Palm wine,Nigeria,2,homozygous
SACE_YAD,4,YJM244,"Human, clinical",Romania,2,homozygous
SACE_YAE,4,YJM248,Human,NA,2,homozygous
SACE_YAF,4,YJM270,Wine,Slovenia,2,homozygous
SACE_YAG,1,YJM271,Beer,NA,2,homozygous
SACE_YAK,1,YJM450,"Human, clinical","California, USA",2,homozygous
SACE_YAL,2,YJM451,"Human, clinical",NA,2,homozygous
SACE_YAM,4,YJM453,"Human, clinical",NA,2,homozygous
SACE_YAN,1,YJM456,"Human, clinical","California, USA",2,homozygous
SACE_YAP,1,YJM541,"Human, clinical","California, USA",2,homozygous
SACE_YAQ,1,YJM554,"Human, clinical","California, USA",2,homozygous
SACE_YAR,1,YJM555,"Human, clinical","California, USA",2,homozygous
SACE_YAT,1,YJM681,"Human, clinical","California, USA",2,homozygous
SACE_YAU,1,YJM682,"Human, clinical","Texas, USA",2,homozygous
SACE_YAV,1,YJM683,"Human, clinical","Texas, USA",2,homozygous
SACE_YAW,1,YJM689,"Human, clinical","Texas, USA",2,homozygous
SACE_YAX,1,YJM693,"Human, clinical","Texas, USA",2,homozygous
SACE_YAY,4,YJM969,"Human, clinical",Italy,2,homozygous
SACE_YAZ,4,YJM972,"Human, clinical",Italy,2,homozygous
SACE_YBA,4,YJM975,"Human, clinical",Italy,2,homozygous
SACE_YBB,4,YJM978,"Human, clinical",Italy,2,homozygous
SACE_YBE,4,YJM987,"Human, clinical",Italy,2,homozygous
SACE_YBF,4,YJM980,"Human, clinical",Italy,2,homozygous
SACE_YBG,4,YJM993,"Human, clinical",Italy,2,homozygous
SACE_YBH,4,YJM996,"Human, clinical",Italy,2,homozygous
SACE_YBJ,1,YJM1190,"Human, clinical","Michigan, USA",2,homozygous
SACE_YBK,1,YJM1199,"Human, clinical","Michigan, USA",2,homozygous
SACE_YBL,1,YJM1202,"Human, clinical","Michigan, USA",2,homozygous
SACE_YBM,2,YJM1208,"Human, clinical","Michigan, USA",2,homozygous
SACE_YBN,4,YJM1242,Fruit,"Illinois, USA",2,homozygous
SACE_YBO,4,YJM1244,Fruit,Indonesia,2,homozygous
SACE_YBP,5,YJM1248,Wine,West Africa,2,homozygous
SACE_YBQ,4,YJM1250,Nature,NA,2,homozygous
SACE_YBR,4,YJM1252,Industrial,Spain,2,homozygous
SACE_YBS,3,YJM1273,Tree,"Pennsylvania, USA",2,homozygous
SACE_YBT,1,YJM1304,"Human, clinical","Texas, USA",2,homozygous
SACE_YBU,2,YJM1307,"Human, clinical","Washington DC, USA",2,homozygous
SACE_YBV,1,YJM1311,"Human, clinical","Michigan, USA",2,homozygous
SACE_YBW,1,YJM1326,"Human, clinical","Minnesota, USA",2,homozygous
SACE_YBX,4,YJM1332,Wine,Italy,2,homozygous
SACE_YBY,4,YJM1336,Wine,Italy,2,homozygous
SACE_YBZ,1,YJM1338,Fruit,"Maryland, USA",2,homozygous
SACE_YCA,4,YJM1341,Wine,South Africa,2,homozygous
SACE_YCB,3,YJM1342,Soil,South Africa,2,homozygous
SACE_YCC,1,YJM1355,Industrial,"Illinois, USA",2,homozygous
SACE_YCD,4,YJM1356,Cider,NA,2,homozygous
SACE_YCE,1,YJM1381,Distillery,Trinidad,2,homozygous
SACE_YCF,1,YJM1383,Fruit,Philippines,2,homozygous
SACE_YCG,1,YJM1385,Industrial,"Maryland, USA",2,homozygous
SACE_YCH,1,YJM1386,Nature,Jamaica,2,homozygous
SACE_YCI,4,YJM1387,Wine,Japan,2,homozygous
SACE_YCJ,6,YJM1388,Unknown,Malaya,2,homozygous
SACE_YCK,6,YJM1389,Industrial,Thailand,2,homozygous
SACE_YCL,1,YJM1399,Tree,NA,2,homozygous
SACE_YCM,3,YJM1400,Fruit,Philippines,2,homozygous
SACE_YCN,3,YJM1401,Fruit,Philippines,2,homozygous
SACE_YCO,3,YJM1402,Wine,NA,2,homozygous
SACE_YCP,4,YJM1415,Wine,France,2,homozygous
SACE_YCQ,4,YJM1417,Cider,NA,2,homozygous
SACE_YCR,3,YJM1418,Tree,Japan,2,homozygous
SACE_YCS,3,YJM1419,Unknown,NA,2,homozygous
SACE_YCT,1,YJM1433,Wine,France,2,homozygous
SACE_YCU,3,YJM1434,Tree,"Pennsylvania, USA",2,homozygous
SACE_YCV,5,YJM1439,Beer,West Africa,2,homozygous
SACE_YCW,3,YJM1443,Fruit,Bahamas,2,homozygous
SACE_YCX,3,YJM1444,Nature,Hawaii,2,homozygous
SACE_YCY,3,YJM1447,Tree,Malaysia,2,homozygous
SACE_YCZ,1,YJM1450,"Human, clinical","Kansas, USA",2,homozygous
SACE_YDA,6,YJM1460,Palm wine,"Newcastle, UK",2,homozygous
SACE_YDB,1,YJM1463,Unknown,Africa,2,homozygous
SACE_YDC,4,YJM1477,Beer,Ethiopia,2,homozygous
SACE_YDD,1,YJM1478,Fermentation,"Missouri, USA",2,homozygous
SACE_YDE,3,YJM1479,Palm wine,Phillipines,2,homozygous
SACE_YDF,4,YJM1526,"Human, clinical",NA,2,homozygous
SACE_YDG,1,YJM1527,Fruit,"California, USA",2,homozygous
SACE_YDH,1,YJM1549,Fermentation,Netherlands,2,homozygous
SACE_YDI,3,YJM1573,Unknown,India,2,homozygous
SACE_YDJ,4,YJM1574,Wine,NA,2,homozygous
SACE_YDK,6,YJM1592,Industrial,Thailand,2,homozygous
SACE_YDL,2,YJM1615,"Human, clinical","California, USA",2,homozygous
SACE_YDM,4,YJM1078,"Human, clinical",Portugal,2,homozygous
SACE_YDN,2,YJM1083,"Human, clinical","North Carolina, USA",2,homozygous
SACE_YDO,4,YJM1129,Distillery,"Ohio, USA",2,homozygous
